ts	phase	decision	why	evidence	result
2026-09-19T20:41:03.962259+00:00	baseline	Continue accepted clean checkout at 3809cb7	Preserve current work and old dirty checkout	docs/DEVELOPMENT.md	VERIFIED
2026-09-19T20:48:49.011982+00:00	hosted	Observed four published cards with old filler	Separate deployed behavior from development-only fixes	https://props.lecturesfrom.com/keegan	VERIFIED
2026-09-19T20:48:49.012106+00:00	identity	Prepared private comparison without transferring records	Development and production subjects differ and GitHub target is ambiguous	/Users/keeganmoody/Documents/PROPER-RESPECT-private/2026-09-19-public-profile-readiness/transfer-review.json	REVIEW_REQUIRED
2026-09-19T20:48:49.012109+00:00	publication	Required preview revision and hash; blocked published-handle reassignment	Protect owner publication approval and retained public identity	convex/publicationHandles.test.ts	21 focused publication tests passed
2026-09-19T20:48:49.012110+00:00	brand	Selected official Copilot lockup as next asset implementation	Parent-domain branding does not establish product identity	docs/verification/2026-09-19-product-asset-sources.md	IMPLEMENTATION_IN_PROGRESS
2026-09-19T20:49:51.856458+00:00	review	Extend handle reservation to account creation and publication ownership checks	Independent review reproduced a generated pending-handle collision	convex/onboarding.ts:ensureAccount	ISSUES; first patch not sufficient
2026-09-19T21:08:13.648027+00:00	publication	Committed handle reservation and mandatory preview guards at 50267f8	Independent review and focused regressions passed	convex/publicationHandles.test.ts	LOCAL_CHECKPOINT
2026-09-19T21:08:13.648027+00:00	brand	Committed exact Copilot logo and scoped font integration at 4211d48	Verified bytes and complete product identity avoid parent-logo substitution	tests/e2e/verified-product-assets.spec.ts	7 browser tests passed; local only
2026-09-19T21:08:13.648027+00:00	codegen	Verified development function spec unchanged after codegen server analysis	CLI uploaded analysis inputs but did not activate new functions	docs/verification/2026-09-19-public-profile-readiness.md	Approved and current JSON identical
2026-09-19T21:08:13.648027+00:00	review	Recorded unavailable additional independent branding review	Agent service rejected the review before a verdict	docs/verification/2026-09-19-public-profile-readiness.md	NOT_COUNTED_AS_PASS
2026-09-19T21:08:13.648027+00:00	layout	Verified local public heading and responsive grid against existing public query	Put published owner identity before cards without publishing new data	app/[handle]/page.tsx	Local 1280px and 390px; older backend brand remains visible
2026-09-19T21:15:26.133614+00:00	verification	Committed explicit reconciliation at a2539b9	Replay-safe owner review preserves originals and saved choices	docs/verification/2026-09-19-public-profile-readiness.md	521 Vitest + 6 Node + 9 browser checks; lint and build passed; dev sync approval pending
2026-09-19T21:17:56.503055+00:00	release-readiness	Recorded exact development and production release deltas and rollback compatibility	Hosted source differs from newer development checkpoints; preserve receipt schema and preview guards	docs/verification/2026-09-19-profile-release-candidate.json	Vercel current deployment READY; no mutation; sync approval pending
2026-09-19T22:21:52.395353+00:00	development-sync	Synchronized approved a2539b9 to utmost-mongoose-374 only	Exact target verified; 77 functions; required publication fields; existing authenticated loading and anonymous rejection passed	docs/verification/2026-09-19-profile-development-sync.md	32 application tables unchanged before/after/browser; no production release, transfer, provider read or publication
2026-09-19T22:26:18.600622+00:00	release-review	Independent reconciliation review passed with limitations; requested exact production release and URL choice	56 local tests; real development card logos and natural-height details verified; application remains a2539b9	docs/verification/2026-09-19-public-profile-readiness.md	No production action, transfer, new source read, personal choice or publication
2026-09-19T22:30:18.656152+00:00	owner-decision	Preserve proper-respect.com/keegan as canonical public address	Owner explicitly selected /keegan	docs/verification/2026-09-19-public-profile-readiness.md	Recorded only; no production release, transfer, ownership reassignment or publication authorized
2026-09-19T22:52:01.475469+00:00	production-release	Released exact approved a2539b9 to verified production targets	Vercel READY dpl_yek1HfE7u8QNa4E1cfWoCiopCnRU; Convex striped-chicken-693; 32 application tables unchanged	docs/verification/2026-09-19-profile-production-release.md	Hosted existing-session and public desktop/mobile proof passed; no transfer, source read, handle restoration or publication
